external,internal
5 HOUR XTRA GRAPE 1.93 OZ,5 Hour Energy Extra Strength Grape (1.93oz)
B - PB & HONEY SAMMICH,NULL
B - RUDY FARMS - SAUSAGE AND BISCUIT TWIN,NULL
BANANAS - FRESH,NULL
BOBOS PB&J GRAPE 2.1 OZ,NULL
BODY ARMOR STRWBRY BANANA 16 OZ,NULL
BR ESPRESSO W/ CREAM 11 OZ,NULL
Bumble Bee Tuna Salad 3.5oz,Bumble Bee Tuna Salad with Crackers (3.5oz)
CELSIUS ORANGE ENERGY 12 OZ,NULL
CELSIUS PEACH VIBE 12 OZ,Celsius Sparkling Peach Vibe (12oz)
DIET MOUNTAIN DEW 20 OZ,NULL
DOLE STRWBRY LEMONADE 20 OZ,NULL
DOVE BAR DARK CHOC 1.44 OZ,Dove Dark Chocolate Bar (1.44oz)
Dr Pepper 12oz Can,NULL
F - TURKEY HAM CHS HM WRAP,NULL
F- WHITE CASTLE BREAKFAST SANDWICH,NULL
FAIRLIFE 2% STRAWBERRY MILK 14 OZ,Fairlife 2% Ultra Filtered Strawberry Milk (14oz)
FL Doritos Spicy Sweet Chili LSS 1.75oz Bag,NULL
GRANDMA'S MINI VN 3.7 OZ,NULL
Haribo Gold-Bears Gummi Candy 4oz.,Haribo Gummi Gold Bears (4oz)
HY Hersheys Milk Chocolate w Almonds 1.45oz Each,Hersheys Milk Chocolate with Almonds (1.45oz)
KF - NY MIXED BERRY CHSCAKE CUP,NULL
Kraft Mac & Cheese Original Cups 2.05 oz.,Kraft Macaroni & Cheese Original (2.05oz)
LSS-BRIM'S BBQ PORK RINDS,NULL
LSS-CRUNCHY CHEETO,NULL
LSS-DORITOS COOL RANCH,NULL
LSS-FLAMIN HOT CHEETOS,NULL
LSS-RUFFLES CHDR & SOUR CREAM,NULL
M&M PLAIN,NULL
MF-BOSTON CREME HONEY BUN,NULL
MF-CHOCOLATE MINI DONUTS,NULL
MINUTE MAID FRUIT PUNCH 20 OZ,NULL
MOUNTAIN DEW ZERO 20 OZ,NULL
ORANGE FANTA 20 OZ,NULL
Pillsbury Mini SOFT BAKED Chocolate Chip Cookies Bag 3oz,Pillsbury Mini Chocolate Chips Cookies (3oz)
Pillsbury Soft Baked Confetti Cookies 3oz,Pillsbury Mini Soft Baked Confetti Cookies (3oz)
POP CHIP BBQ .8 OZ,Popchips BBQ (.8oz)
SKITTLES ORIG GUMMIES 5.8 OZ,NULL
STARBUCKS DOUBLESHOT + ENG-VAN 15 OZ,NULL
STONIES PEPR/CHS/JAL .98 OZ,NULL
Sweet Serenity Choc Chip 3 oz,Sweet Serenity Chocolate Chip Bite Size Cookies (3oz)
SWEET SERENITY CHOC CHIP COOKIES 3 OZ,Sweet Serenity Chocolate Chip Bite Size Cookies (3oz)
YOO HOO CHOC. 11 OZ CANS,Yoo-hoo Chocolate Drink Can (11oz)
